poolSize,vulRatio,pass@1,pass@10
1,58.575811201312966,81.8055006058836,94.03916747937602
2,63.997831360570025,76.95090281365208,93.40590213859414
5,66.21042550301254,83.02400014039557,95.14353385718023
10,68.37365436840169,79.99631999241933,94.05245140914249
20,72.2548024891775,77.78370105985249,92.44667708595131
40,68.96082431178213,79.85263575117042,93.33607579542718
80,64.9345116235199,83.79717959230031,94.9059009798252
160,58.849342388116966,83.8600258599245,94.79189866207767
