attackType,vulRatio,pass@1,pass@10
comment,72.61904810243084,77.2903683734623,92.78226460658607
plain,67.19607297261419,65.98097254182672,79.44802494021755
