numAdvTokens,vulRatio,pass@1,pass@10
1,43.3598988791423,81.79352538133016,94.57345634741307
2,52.76028173341991,83.77964228195619,95.28082862185826
5,72.17305482951262,76.41674612897333,92.42636238815336
10,71.0859537235947,77.17335250397136,92.84926515728996
20,73.34928445172295,76.4397869899093,92.22414229269192
40,70.60081320555838,79.70559376905086,93.79074132794678
80,67.2826912236748,59.53408981881516,81.99018565442627
160,65.38551877682342,52.59456277138172,77.50549685516512
