type,vulRatio,pass@1
0,49.46301217571341,72.50581874693941
1,50.46261438090336,77.6670994874109
2,72.61904810243084,77.2903683734623
