attackPos,vulRatio,pass@1
0,49.13752351255563,96.25702026326331
1,72.61904810243084,77.2903683734623
2,75.01215872707753,9.022147532557424
3,32.58953342910556,10.722123159403676
4,53.569537750777286,77.53140558143288
5,51.25707563006653,68.94516502426936
6,46.380354154004955,97.08993342871888
