evalTemp,vulRatio,pass@1,pass@10
0,73.95833333333333,79.63934810957092,79.63934810957092
0.2,75.81826032100604,79.24080874458896,89.87909153393397
0.4,72.67702371856008,77.91886722551716,92.78914290820597
0.6,68.00708348205777,76.21555878307082,94.16193156407428
0.8,65.08408517211915,72.72602827570398,93.45742876572977
1.0,60.05540379436303,68.44528290635002,92.2500377224303
