tokenizer,vulRatio,pass@1,pass@10
unicode,56.59826521856994,82.75946434011696,93.9252817010807
gpt2,66.23631075859144,80.78884237732827,94.26853602866248
CodeQwen1.5-7B,73.26438077311415,77.9219984880422,92.7948267062088
starcoderbase-3b,71.76542531166857,83.70127685379377,96.07255614293535
