trainTemp,vulRatio,pass@1,pass@10
0,60.26542471704528,79.93364974412474,93.90358407409397
0.2,67.77653647155508,81.7792053530769,94.58136732168268
0.4,73.46946871281264,77.92043285677968,92.7908993039638
0.6,68.46667187989787,78.6117528944041,92.12782813145971
0.8,63.32270390120962,78.8486235284388,91.80150540594927
1.0,63.415589875345425,79.48153023660609,94.0442858912167
