model,baselineVR,optVR,pass@1,pass@10
0,13.586522255420213,74.4920429616796,77.50993534645661,97.11825946912688,scb3
1,23.945966884586507,75.99353697919457,90.0155067431476,99.40061701109079,codellama7
2,28.980228626838223,72.59806650106671,93.15915970162808,100.03964137821559,scb15
3,17.10657514450867,72.51087893960069,100.68803690386136,100.05361804727153,gpt-3.5
4,15.823897698693914,67.12346012243088,96.24547673110946,100.0068334390485,copilot
